time,size
0.348329625,10
0.718045666667,11
1.49682666667,12
3.22669666667,13
7.34015666667,14
17.5129,15
45.9316666667,16
136.898333333,17
449.521333333,18
1614.77,19