time,size
0.393904666667,10
0.875611,11
2.14470666667,12
5.78184666667,13
17.5146666667,14
58.0128333333,15
211.024,16
810.034,17
3153.59666667,18
12167.9666667,19