time,size
0.440583333333,10
0.802910333333,11
1.53366,12
3.02528333333,13
6.22560666667,14
12.9547333333,15
27.4028333333,16
60.1236,17
141.435666667,18
358.339,19
